id,title,description,color,user_id,status_id
9c8d0fdd-02d2-4140-a735-d9199aa08f0e,quasi eum quia,est et ipsum veniam possimus,Magenta,738de09a-428f-43df-b099-90f1378b73d2,62d67329-82e3-4207-8de7-52ddb18d1d45
d08e6b9e-4ef1-44da-ad51-f26748dd559b,eveniet modi sit,quo sit eligendi cupiditate id,Olive,738de09a-428f-43df-b099-90f1378b73d2,62d67329-82e3-4207-8de7-52ddb18d1d45
85c321bc-6971-4129-a977-9d2c50e1b4d5,velit nesciunt sequi,laborum enim sapiente corporis ea,SeaGreen,738de09a-428f-43df-b099-90f1378b73d2,62d67329-82e3-4207-8de7-52ddb18d1d45
18aec1cb-564b-4f2e-8371-263a16f281bd,officia mollitia excepturi,ex necessitatibus veniam possimus perspiciatis,DarkGreen,738de09a-428f-43df-b099-90f1378b73d2,62d67329-82e3-4207-8de7-52ddb18d1d45
2458c77f-5388-4927-b49c-e237db82a63d,illum ut in,et impedit nihil aspernatur aliquam,LightSlateGray,738de09a-428f-43df-b099-90f1378b73d2,62d67329-82e3-4207-8de7-52ddb18d1d45
459c1025-28c2-4f20-b8cd-1ce06d368d76,et consequatur occaecati,beatae quos dicta deleniti quia,LightSkyBlue,b3f63c67-4e3b-43ee-a1ef-225c3b4081fa,62d67329-82e3-4207-8de7-52ddb18d1d45
b6b0a811-9d43-457c-8656-04ed8a23f408,architecto ullam et,nihil voluptas eum nesciunt maxime,FloralWhite,b3f63c67-4e3b-43ee-a1ef-225c3b4081fa,62d67329-82e3-4207-8de7-52ddb18d1d45
135f6940-2c8b-48e3-9717-82384203912e,qui vel vero,odit ea omnis quo aliquid,Red,b3f63c67-4e3b-43ee-a1ef-225c3b4081fa,62d67329-82e3-4207-8de7-52ddb18d1d45
fb9e0a43-5c63-4410-9d4a-3a8cb2a7b4d0,aut minus omnis,id sint omnis est error,LemonChiffon,b3f63c67-4e3b-43ee-a1ef-225c3b4081fa,62d67329-82e3-4207-8de7-52ddb18d1d45
1ecda9bf-b8fd-43ba-8341-5cd3d9da3149,laborum repellendus ducimus,adipisci sit quaerat facilis vel,DarkGreen,b3f63c67-4e3b-43ee-a1ef-225c3b4081fa,62d67329-82e3-4207-8de7-52ddb18d1d45
7e9287dc-e1dc-438b-9024-2a4326272e28,adipisci qui est,ut possimus dolor quia itaque,LemonChiffon,b79e7072-3d2f-4834-bb7a-12821b1405ed,62d67329-82e3-4207-8de7-52ddb18d1d45
52fbfc80-90e2-43f9-ab8d-b3d9ff118c1d,laudantium quia distinctio,nesciunt consequatur sed laudantium voluptatum,MediumTurquoise,b79e7072-3d2f-4834-bb7a-12821b1405ed,62d67329-82e3-4207-8de7-52ddb18d1d45
a52e15dc-fda6-4d17-a8f4-bc022238e543,sint facilis magni,cumque ut sit quia laboriosam,PaleVioletRed,b79e7072-3d2f-4834-bb7a-12821b1405ed,62d67329-82e3-4207-8de7-52ddb18d1d45
482988e3-47af-4f50-924c-81357b05c811,qui impedit eius,esse magnam maiores incidunt ut,DarkSlateBlue,b79e7072-3d2f-4834-bb7a-12821b1405ed,62d67329-82e3-4207-8de7-52ddb18d1d45
b8f9ad03-9157-4e48-8bb1-5179db86d97a,sit optio voluptatem,quis repudiandae eum voluptatem voluptatum,Orange,b79e7072-3d2f-4834-bb7a-12821b1405ed,62d67329-82e3-4207-8de7-52ddb18d1d45
52925bb6-0cb1-40ec-97d3-b0478c4dc743,et consequuntur molestiae,nam eum eaque rem voluptas,Crimson,8036fab1-4d80-47ab-b5f9-488a41222279,62d67329-82e3-4207-8de7-52ddb18d1d45
f613aeac-1df3-4f8f-b375-74a6b23c681b,est neque alias,vel molestiae nihil illo corporis,White,8036fab1-4d80-47ab-b5f9-488a41222279,62d67329-82e3-4207-8de7-52ddb18d1d45
3de63b90-52d5-484a-88f2-0184e8a3a513,velit dicta ea,dicta ullam voluptatibus deserunt ex,Turquoise,8036fab1-4d80-47ab-b5f9-488a41222279,62d67329-82e3-4207-8de7-52ddb18d1d45
ebbf4615-7443-4127-994e-38d66d6f86a2,omnis minima praesentium,in ad laborum quae error,SeaGreen,8036fab1-4d80-47ab-b5f9-488a41222279,62d67329-82e3-4207-8de7-52ddb18d1d45
a4cad62f-5406-430f-8d7a-3d25633ca88d,minus ad voluptas,neque at veritatis fugiat ad,Aquamarine,8036fab1-4d80-47ab-b5f9-488a41222279,62d67329-82e3-4207-8de7-52ddb18d1d45
b1cf3b1f-f0d4-4036-956f-0f8f7a6a2ec3,laborum ea molestiae,dolore ex dolorem ex cumque,LightSeaGreen,e008b15b-08c9-46ae-94c8-c85c7d6335da,62d67329-82e3-4207-8de7-52ddb18d1d45
c68dbe64-4038-4e94-9e26-62bd98fd256a,pariatur maxime illum,laborum et asperiores numquam aut,LightSkyBlue,e008b15b-08c9-46ae-94c8-c85c7d6335da,62d67329-82e3-4207-8de7-52ddb18d1d45
8e8efc04-1ef9-47e4-aeda-bc6cf9210310,modi autem rerum,nisi ad tenetur optio qui,AliceBlue,e008b15b-08c9-46ae-94c8-c85c7d6335da,62d67329-82e3-4207-8de7-52ddb18d1d45
caa77e69-ddb4-428e-9c70-46c30da35f30,aperiam ipsa quos,quo quasi beatae perspiciatis quo,Turquoise,e008b15b-08c9-46ae-94c8-c85c7d6335da,62d67329-82e3-4207-8de7-52ddb18d1d45
0529bcbf-9723-464b-aecd-912c8b459f76,cupiditate voluptate voluptatibus,enim nihil omnis quo ipsa,Tan,e008b15b-08c9-46ae-94c8-c85c7d6335da,62d67329-82e3-4207-8de7-52ddb18d1d45
f4729cd2-4b86-49d9-b1a9-2f80262c18c7,fuga alias cumque,expedita rem expedita ad reiciendis,Orchid,062c2ca2-48cd-4295-8054-33e5bf3c86e7,62d67329-82e3-4207-8de7-52ddb18d1d45
c62fd0a4-42ce-42fc-bf0d-d874cd221ac0,rem ea dolore,est ratione eligendi aut aperiam,PeachPuff,062c2ca2-48cd-4295-8054-33e5bf3c86e7,62d67329-82e3-4207-8de7-52ddb18d1d45
c568e7a8-327f-4819-890f-ea41f19aa059,perspiciatis a repellendus,et quae fuga in et,SkyBlue,062c2ca2-48cd-4295-8054-33e5bf3c86e7,62d67329-82e3-4207-8de7-52ddb18d1d45
8bc1d370-30bf-4a7a-9075-42773a311537,esse quod magnam,debitis id eveniet deleniti soluta,Violet,062c2ca2-48cd-4295-8054-33e5bf3c86e7,62d67329-82e3-4207-8de7-52ddb18d1d45
3e00eaca-a46c-4b63-823b-62812ea0fa52,dolore et et,voluptas quia voluptatem a pariatur,Pink,062c2ca2-48cd-4295-8054-33e5bf3c86e7,62d67329-82e3-4207-8de7-52ddb18d1d45
524a658b-6128-43a9-8e78-948fc3248513,iste quia et,facere ipsam facilis totam quia,MediumSlateBlue,fb76e677-22fb-41eb-9887-7405af2fba85,62d67329-82e3-4207-8de7-52ddb18d1d45
587533f3-6275-4a16-808e-2478742117c3,iure vero atque,enim voluptates blanditiis aut commodi,DarkRed,fb76e677-22fb-41eb-9887-7405af2fba85,62d67329-82e3-4207-8de7-52ddb18d1d45
4ed815c9-6528-4564-a999-6a9d21018b14,quaerat omnis eaque,sint voluptatem dolores aliquam veritatis,OldLace,fb76e677-22fb-41eb-9887-7405af2fba85,62d67329-82e3-4207-8de7-52ddb18d1d45
b07ea6dc-b88b-49c2-88f5-ed681b237840,non consequuntur consequuntur,consectetur maiores quia deleniti aut,Tomato,fb76e677-22fb-41eb-9887-7405af2fba85,62d67329-82e3-4207-8de7-52ddb18d1d45
ad5cea1d-e771-421d-9e03-b1b1a5db1282,temporibus optio rerum,quia sapiente nulla aspernatur incidunt,DodgerBlue,fb76e677-22fb-41eb-9887-7405af2fba85,62d67329-82e3-4207-8de7-52ddb18d1d45
49bf94a7-ec1d-497e-bd09-6a14f86cce30,quo doloremque commodi,cupiditate et dolorem eligendi autem,DarkSlateBlue,27fe93aa-ef83-41b0-b903-71ee4b0fb82e,62d67329-82e3-4207-8de7-52ddb18d1d45
642cda5c-a3e5-4315-83d6-6204b368efeb,mollitia aut repellendus,quia tempora natus accusantium repellendus,WhiteSmoke,27fe93aa-ef83-41b0-b903-71ee4b0fb82e,62d67329-82e3-4207-8de7-52ddb18d1d45
46b0198f-76d4-4291-98c8-89994d7df5a2,nesciunt velit amet,saepe voluptas aspernatur rem nostrum,LightSteelBlue,27fe93aa-ef83-41b0-b903-71ee4b0fb82e,62d67329-82e3-4207-8de7-52ddb18d1d45
dd8fb170-3416-4463-a8f3-4c4f22d31b0b,porro sed mollitia,aspernatur dolore recusandae voluptatem eius,RosyBrown,27fe93aa-ef83-41b0-b903-71ee4b0fb82e,62d67329-82e3-4207-8de7-52ddb18d1d45
b6ff97fb-7f6b-4fba-8b9c-bf5a9d236c79,voluptates debitis deleniti,quia pariatur labore consequatur consequuntur,Magenta,27fe93aa-ef83-41b0-b903-71ee4b0fb82e,62d67329-82e3-4207-8de7-52ddb18d1d45
7dceafbf-6437-4981-9178-1c8dd806e001,eveniet asperiores eos,sint assumenda non dolorem quod,BlanchedAlmond,9169cdf8-50d5-4d32-aaf1-ff21ca9da576,62d67329-82e3-4207-8de7-52ddb18d1d45
cd7687e2-03f9-46af-a5b7-f473d0fbe2b1,recusandae perferendis consequatur,aut laudantium ex ea est,Pink,9169cdf8-50d5-4d32-aaf1-ff21ca9da576,62d67329-82e3-4207-8de7-52ddb18d1d45
99e1146d-67ca-4a69-b3d1-8e18328611c5,in rem nostrum,iste et aut deleniti cum,White,9169cdf8-50d5-4d32-aaf1-ff21ca9da576,62d67329-82e3-4207-8de7-52ddb18d1d45
3ec28f9a-8957-4493-9c03-723870ac70d9,nobis inventore autem,id rerum earum debitis hic,Lime,9169cdf8-50d5-4d32-aaf1-ff21ca9da576,62d67329-82e3-4207-8de7-52ddb18d1d45
69698b96-1b05-41a7-af89-7c2cbf320d52,quod dolor dolore,aliquid corporis esse aut amet,IndianRed,9169cdf8-50d5-4d32-aaf1-ff21ca9da576,62d67329-82e3-4207-8de7-52ddb18d1d45
76a8538d-4191-43cb-a8d0-cf571c6a98a6,ipsa eaque temporibus,quod ratione libero accusantium et,LightSalmon,f9435e7d-0149-4b17-89bb-b068f1c80646,62d67329-82e3-4207-8de7-52ddb18d1d45
83b64442-28c1-4624-bdba-0c339d7df8b5,et esse libero,quia doloremque corrupti consequatur vel,Beige,f9435e7d-0149-4b17-89bb-b068f1c80646,62d67329-82e3-4207-8de7-52ddb18d1d45
20e56fd7-8f79-4015-aa2a-9c2bb9454306,rerum expedita velit,voluptas voluptatem rerum ut sapiente,BlueViolet,f9435e7d-0149-4b17-89bb-b068f1c80646,62d67329-82e3-4207-8de7-52ddb18d1d45
37d4fd8b-db29-4cd7-86cc-c330a7cc4c48,labore incidunt deserunt,id nisi distinctio ex quia,DeepSkyBlue,f9435e7d-0149-4b17-89bb-b068f1c80646,62d67329-82e3-4207-8de7-52ddb18d1d45
78e46e8e-f8f2-4624-b0dd-31191485932e,quod aut et,debitis fuga vel aut commodi,SlateGray,f9435e7d-0149-4b17-89bb-b068f1c80646,62d67329-82e3-4207-8de7-52ddb18d1d45
