226220dc-361d-47e4-b4c8-38ef1ef01c54, mabel.bartell@yahoo.com, Monica, Mosciski
1de2d4ab-dae3-44ea-8b49-aebaa8d8b383, mabel.bartell@yahoo.com, Monica, Mosciski
caec85ab-e837-4506-ad5b-78c9ebf7a356, mabel.bartell@yahoo.com, Monica, Mosciski
a1279f69-37a5-4823-bcd1-f8a6690969bc, mabel.bartell@yahoo.com, Monica, Mosciski
e7195f06-cce3-4691-810b-36c49cfddf9b, mabel.bartell@yahoo.com, Monica, Mosciski
65d228cd-d298-4c3b-b125-77c8f6522705, mabel.bartell@yahoo.com, Monica, Mosciski
94d16551-2bc6-4d15-b33c-2e3058119a93, mabel.bartell@yahoo.com, Monica, Mosciski
278e3aed-6e29-4e3f-8dc3-e71a6b56aeb9, mabel.bartell@yahoo.com, Monica, Mosciski
ed5cf517-731d-4900-87f6-dc0277e836f5, mabel.bartell@yahoo.com, Monica, Mosciski
35a321ad-3462-4a09-b675-ebe9dde0848f, mabel.bartell@yahoo.com, Monica, Mosciski
